Year,State,Age Group (Years),State Rate,State Births,U.S. Births,U.S. Birth Rate,Unit,Median Household Income ,Enrollment
2005,Alabama,15-19 years,48.1,"7,771","414,593",39.7,"per 1,000","37,150","741,761"
2005,Alaska,15-19 years,39.9,"1,038","414,593",39.7,"per 1,000","55,891","133,288"
2005,Arizona,15-19 years,58.7,"11,828","414,593",39.7,"per 1,000","45,245","1,094,454"
2005,Arkansas,15-19 years,58.6,"5,646","414,593",39.7,"per 1,000","36,658","474,206"
2005,California,15-19 years,38.7,"50,034","414,593",39.7,"per 1,000","51,755","6,437,202"
2005,Colorado,15-19 years,41.8,"6,646","414,593",39.7,"per 1,000","50,449","779,826"
2005,Connecticut,15-19 years,23.3,"2,813","414,593",39.7,"per 1,000","56,835","575,059"
2005,Delaware,15-19 years,40.1,"1,225","414,593",39.7,"per 1,000","51,235","120,937"
2005,District of Columbia,15-19 years,42.1,852,"414,593",39.7,"per 1,000","44,993","76,876"
2005,Florida,15-19 years,42.3,"24,130","414,593",39.7,"per 1,000","42,990","2,675,024"
2005,Georgia,15-19 years,52,"16,548","414,593",39.7,"per 1,000","45,926","1,598,461"
2005,Hawaii,15-19 years,36.5,"1,480","414,593",39.7,"per 1,000","59,586","182,818"
2005,Idaho,15-19 years,36.4,"2,015","414,593",39.7,"per 1,000","44,176","261,982"
2005,Illinois,15-19 years,38.5,"17,041","414,593",39.7,"per 1,000","48,398","2,111,706"
2005,Indiana,15-19 years,42.1,"9,508","414,593",39.7,"per 1,000","42,437","1,035,074"
2005,Iowa,15-19 years,31.1,"3,330","414,593",39.7,"per 1,000","46,500","483,482"
2005,Kansas,15-19 years,40.1,"4,055","414,593",39.7,"per 1,000","42,027","467,525"
2005,Kentucky,15-19 years,48.1,"6,726","414,593",39.7,"per 1,000","36,699","679,878"
2005,Louisiana,15-19 years,47.3,"8,151","414,593",39.7,"per 1,000","37,236","654,526"
2005,Maine,15-19 years,24.4,"1,112","414,593",39.7,"per 1,000","43,923","195,498"
2005,Maryland,15-19 years,32.1,"6,282","414,593",39.7,"per 1,000","60,512","860,020"
2005,Massachusetts,15-19 years,20,"4,540","414,593",39.7,"per 1,000","56,017","971,909"
2005,Michigan,15-19 years,32.2,"11,809","414,593",39.7,"per 1,000","45,933","1,742,282"
2005,Minnesota,15-19 years,25.5,"4,780","414,593",39.7,"per 1,000","54,215","839,243"
2005,Mississippi,15-19 years,58.3,"6,411","414,593",39.7,"per 1,000","32,875","494,954"
2005,Missouri,15-19 years,41.7,"8,611","414,593",39.7,"per 1,000","42,986","917,705"
2005,Montana,15-19 years,34.5,"1,185","414,593",39.7,"per 1,000","37,313","145,416"
2005,Nebraska,15-19 years,33.1,"2,147","414,593",39.7,"per 1,000","47,923","286,646"
2005,Nevada,15-19 years,51.6,"3,921","414,593",39.7,"per 1,000","48,209","412,395"
2005,New Hampshire,15-19 years,18,850,"414,593",39.7,"per 1,000","56,984","205,767"
2005,New Jersey,15-19 years,24.2,"6,874","414,593",39.7,"per 1,000","63,368","1,395,602"
2005,New Mexico,15-19 years,61.2,"4,471","414,593",39.7,"per 1,000","38,947","326,758"
2005,New York,15-19 years,25.7,"17,068","414,593",39.7,"per 1,000","47,176","2,815,581"
2005,North Carolina,15-19 years,47,"13,933","414,593",39.7,"per 1,000","42,056","1,416,436"
2005,North Dakota,15-19 years,27,661,"414,593",39.7,"per 1,000","42,192","98,283"
2005,Ohio,15-19 years,38.3,"15,490","414,593",39.7,"per 1,000","44,203","1,839,683"
2005,Oklahoma,15-19 years,52.8,"6,685","414,593",39.7,"per 1,000","37,645","634,739"
2005,Oregon,15-19 years,32.7,"4,001","414,593",39.7,"per 1,000","44,159","552,194"
2005,Pennsylvania,15-19 years,29.2,"12,910","414,593",39.7,"per 1,000","46,300","1,830,684"
2005,Rhode Island,15-19 years,27.8,"1,117","414,593",39.7,"per 1,000","49,484","153,422"
2005,South Carolina,15-19 years,48.7,"7,478","414,593",39.7,"per 1,000","40,230","701,544"
2005,South Dakota,15-19 years,36.8,"1,082","414,593",39.7,"per 1,000","43,151","122,012"
2005,Tennessee,15-19 years,53.3,"10,785","414,593",39.7,"per 1,000","39,406","953,928"
2005,Texas,15-19 years,60.9,"51,180","414,593",39.7,"per 1,000","41,422","4,525,394"
2005,Utah,15-19 years,30.5,"3,181","414,593",39.7,"per 1,000","54,813","508,430"
2005,Vermont,15-19 years,17.4,412,"414,593",39.7,"per 1,000","50,704","96,638"
2005,Virginia,15-19 years,33.6,"8,778","414,593",39.7,"per 1,000","51,914","1,213,616"
2005,Washington,15-19 years,31.1,"6,746","414,593",39.7,"per 1,000","50,646","1,031,985"
2005,West Virginia,15-19 years,42.2,"2,450","414,593",39.7,"per 1,000","36,445","280,866"
2005,Wisconsin,15-19 years,29.7,"6,011","414,593",39.7,"per 1,000","44,650","875,174"
2005,Wyoming,15-19 years,42.7,795,"414,593",39.7,"per 1,000","44,718","84,409"
2006,Alabama,15-19 years,51.8,"8,537","435,436",41.1,"per 1,000","37,952","743,632"
2006,Alaska,15-19 years,41.8,"1,101","435,436",41.1,"per 1,000","56,418","132,608"
2006,Arizona,15-19 years,61.2,"12,824","435,436",41.1,"per 1,000","46,657","1,068,249"
2006,Arkansas,15-19 years,60.8,"5,946","435,436",41.1,"per 1,000","37,057","476,409"
2006,California,15-19 years,39.9,"52,800","435,436",41.1,"per 1,000","55,319","6,406,750"
2006,Colorado,15-19 years,41.9,"6,719","435,436",41.1,"per 1,000","55,697","794,026"
2006,Connecticut,15-19 years,23.5,"2,875","435,436",41.1,"per 1,000","62,404","575,100"
2006,Delaware,15-19 years,40.6,"1,263","435,436",41.1,"per 1,000","52,438","122,254"
2006,District of Columbia,15-19 years,48.1,999,"435,436",41.1,"per 1,000","48,477","72,850"
2006,Florida,15-19 years,43.1,"25,384","435,436",41.1,"per 1,000","45,676","2,671,513"
2006,Georgia,15-19 years,53.7,"17,693","435,436",41.1,"per 1,000","49,344","1,629,157"
2006,Hawaii,15-19 years,39,"1,619","435,436",41.1,"per 1,000","60,470","180,728"
2006,Idaho,15-19 years,38.1,"2,140","435,436",41.1,"per 1,000","46,213","267,380"
2006,Illinois,15-19 years,39.8,"17,752","435,436",41.1,"per 1,000","48,671","2,118,276"
2006,Indiana,15-19 years,41.8,"9,549","435,436",41.1,"per 1,000","45,407","1,045,940"
2006,Iowa,15-19 years,32.6,"3,495","435,436",41.1,"per 1,000","48,126","483,122"
2006,Kansas,15-19 years,40.9,"4,109","435,436",41.1,"per 1,000","45,552","469,506"
2006,Kentucky,15-19 years,52.3,"7,412","435,436",41.1,"per 1,000","39,485","683,152"
2006,Louisiana,15-19 years,53.6,"8,628","435,436",41.1,"per 1,000","36,488","675,851"
2006,Maine,15-19 years,24.9,"1,133","435,436",41.1,"per 1,000","45,642","193,986"
2006,Maryland,15-19 years,33.7,"6,705","435,436",41.1,"per 1,000","63,668","851,640"
2006,Massachusetts,15-19 years,20.6,"4,724","435,436",41.1,"per 1,000","55,330","968,661"
2006,Michigan,15-19 years,33.2,"12,322","435,436",41.1,"per 1,000","48,647","1,722,656"
2006,Minnesota,15-19 years,27.3,"5,090","435,436",41.1,"per 1,000","56,211","840,565"
2006,Mississippi,15-19 years,67.2,"7,404","435,436",41.1,"per 1,000","34,733","495,026"
2006,Missouri,15-19 years,44.1,"9,183","435,436",41.1,"per 1,000","44,579","920,353"
2006,Montana,15-19 years,37.6,"1,283","435,436",41.1,"per 1,000","41,105","144,418"
2006,Nebraska,15-19 years,32.8,"2,112","435,436",41.1,"per 1,000","48,145","287,580"
2006,Nevada,15-19 years,53.4,"4,287","435,436",41.1,"per 1,000","52,282","424,766"
2006,New Hampshire,15-19 years,18.1,865,"435,436",41.1,"per 1,000","61,970","203,572"
2006,New Jersey,15-19 years,24.8,"7,159","435,436",41.1,"per 1,000","68,059","1,388,850"
2006,New Mexico,15-19 years,62.7,"4,628","435,436",41.1,"per 1,000","40,028","328,220"
2006,New York,15-19 years,26,"17,442","435,436",41.1,"per 1,000","48,222","2,809,649"
2006,North Carolina,15-19 years,48.1,"14,701","435,436",41.1,"per 1,000","39,797","1,444,481"
2006,North Dakota,15-19 years,26.1,633,"435,436",41.1,"per 1,000","41,047","96,670"
2006,Ohio,15-19 years,38.9,"15,872","435,436",41.1,"per 1,000","45,900","1,836,722"
2006,Oklahoma,15-19 years,56.6,"7,227","435,436",41.1,"per 1,000","38,838","639,391"
2006,Oregon,15-19 years,34.5,"4,285","435,436",41.1,"per 1,000","47,091","562,574"
2006,Pennsylvania,15-19 years,30.4,"13,599","435,436",41.1,"per 1,000","48,477","1,871,060"
2006,Rhode Island,15-19 years,27.5,"1,127","435,436",41.1,"per 1,000","53,736","151,612"
2006,South Carolina,15-19 years,52,"8,175","435,436",41.1,"per 1,000","39,617","708,021"
2006,South Dakota,15-19 years,38.7,"1,123","435,436",41.1,"per 1,000","45,427","121,158"
2006,Tennessee,15-19 years,52.1,"10,784","435,436",41.1,"per 1,000","40,693","978,368"
2006,Texas,15-19 years,61.6,"53,093","435,436",41.1,"per 1,000","43,307","4,599,509"
2006,Utah,15-19 years,33.3,"3,498","435,436",41.1,"per 1,000","54,628","523,386"
2006,Vermont,15-19 years,19.8,468,"435,436",41.1,"per 1,000","51,981","95,399"
2006,Virginia,15-19 years,34.2,"9,105","435,436",41.1,"per 1,000","57,119","1,220,440"
2006,Washington,15-19 years,32.2,"7,110","435,436",41.1,"per 1,000","54,723","1,026,774"
2006,West Virginia,15-19 years,44.2,"2,589","435,436",41.1,"per 1,000","38,419","281,939"
2006,Wisconsin,15-19 years,29.9,"6,015","435,436",41.1,"per 1,000","51,692","876,700"
2006,Wyoming,15-19 years,46,850,"435,436",41.1,"per 1,000","47,041","85,193"
2007,Alabama,15-19 years,52.1,"8,696","444,899",41.5,"per 1,000","42,212","742,919"
2007,Alaska,15-19 years,42.9,"1,117","444,899",41.5,"per 1,000","62,993","131,029"
2007,Arizona,15-19 years,59.6,"12,868","444,899",41.5,"per 1,000","47,215","1,087,447"
2007,Arkansas,15-19 years,60.1,"5,926","444,899",41.5,"per 1,000","40,795","479,016"
2007,California,15-19 years,39.6,"53,417","444,899",41.5,"per 1,000","55,734","6,343,471"
2007,Colorado,15-19 years,41.6,"6,737","444,899",41.5,"per 1,000","61,141","801,867"
2007,Connecticut,15-19 years,23,"2,837","444,899",41.5,"per 1,000","64,141","570,626"
2007,Delaware,15-19 years,39.2,"1,244","444,899",41.5,"per 1,000","54,589","122,574"
2007,District of Columbia,15-19 years,50.4,"1,053","444,899",41.5,"per 1,000","50,783","78,422"
2007,Florida,15-19 years,43,"25,693","444,899",41.5,"per 1,000","45,794","2,666,811"
2007,Georgia,15-19 years,53.4,"18,085","444,899",41.5,"per 1,000","48,641","1,649,589"
2007,Hawaii,15-19 years,38.7,"1,610","444,899",41.5,"per 1,000","64,022","179,897"
2007,Idaho,15-19 years,39.9,"2,257","444,899",41.5,"per 1,000","49,184","272,119"
2007,Illinois,15-19 years,40.2,"18,089","444,899",41.5,"per 1,000","52,506","2,112,805"
2007,Indiana,15-19 years,43,"9,948","444,899",41.5,"per 1,000","47,453","1,046,764"
2007,Iowa,15-19 years,32.8,"3,529","444,899",41.5,"per 1,000","48,908","485,115"
2007,Kansas,15-19 years,42.5,"4,271","444,899",41.5,"per 1,000","48,497","468,295"
2007,Kentucky,15-19 years,52.6,"7,547","444,899",41.5,"per 1,000","39,452","666,225"
2007,Louisiana,15-19 years,55.2,"8,974","444,899",41.5,"per 1,000","41,313","681,038"
2007,Maine,15-19 years,26,"1,172","444,899",41.5,"per 1,000","47,894","196,245"
2007,Maryland,15-19 years,34.3,"6,892","444,899",41.5,"per 1,000","65,630","845,700"
2007,Massachusetts,15-19 years,21.4,"4,949","444,899",41.5,"per 1,000","58,463","962,958"
2007,Michigan,15-19 years,33.5,"12,497","444,899",41.5,"per 1,000","49,370","1,692,739"
2007,Minnesota,15-19 years,27.9,"5,193","444,899",41.5,"per 1,000","58,058","837,578"
2007,Mississippi,15-19 years,70.1,"7,811","444,899",41.5,"per 1,000","37,279","494,122"
2007,Missouri,15-19 years,44,"9,244","444,899",41.5,"per 1,000","46,005","917,188"
2007,Montana,15-19 years,35.3,"1,200","444,899",41.5,"per 1,000","43,655","142,823"
2007,Nebraska,15-19 years,35.5,"2,280","444,899",41.5,"per 1,000","49,174","291,244"
2007,Nevada,15-19 years,51.7,"4,351","444,899",41.5,"per 1,000","54,058","429,362"
2007,New Hampshire,15-19 years,19.3,924,"444,899",41.5,"per 1,000","67,576","200,772"
2007,New Jersey,15-19 years,24.9,"7,255","444,899",41.5,"per 1,000","60,508","1,382,348"
2007,New Mexico,15-19 years,63.9,"4,720","444,899",41.5,"per 1,000","44,356","329,040"
2007,New York,15-19 years,26,"17,621","444,899",41.5,"per 1,000","48,944","2,765,435"
2007,North Carolina,15-19 years,48,"15,079","444,899",41.5,"per 1,000","43,513","1,489,492"
2007,North Dakota,15-19 years,29.2,696,"444,899",41.5,"per 1,000","47,205","95,059"
2007,Ohio,15-19 years,39.9,"16,362","444,899",41.5,"per 1,000","49,099","1,827,184"
2007,Oklahoma,15-19 years,58.5,"7,543","444,899",41.5,"per 1,000","43,216","642,065"
2007,Oregon,15-19 years,34.5,"4,343","444,899",41.5,"per 1,000","50,236","565,586"
2007,Pennsylvania,15-19 years,30.7,"13,841","444,899",41.5,"per 1,000","48,437","1,801,971"
2007,Rhode Island,15-19 years,29.2,"1,192","444,899",41.5,"per 1,000","54,210","147,629"
2007,South Carolina,15-19 years,51.9,"8,329","444,899",41.5,"per 1,000","44,213","712,317"
2007,South Dakota,15-19 years,41.3,"1,191","444,899",41.5,"per 1,000","46,418","121,606"
2007,Tennessee,15-19 years,53.4,"11,260","444,899",41.5,"per 1,000","41,195","964,259"
2007,Texas,15-19 years,61.8,"54,281","444,899",41.5,"per 1,000","46,053","4,674,832"
2007,Utah,15-19 years,35.4,"3,775","444,899",41.5,"per 1,000","53,529","576,244"
2007,Vermont,15-19 years,21,492,"444,899",41.5,"per 1,000","47,390","94,038"
2007,Virginia,15-19 years,34.2,"9,200","444,899",41.5,"per 1,000","59,161","1,230,857"
2007,Washington,15-19 years,33.3,"7,430","444,899",41.5,"per 1,000","58,080","1,030,247"
2007,West Virginia,15-19 years,45.8,"2,714","444,899",41.5,"per 1,000","42,091","282,535"
2007,Wisconsin,15-19 years,31.1,"6,243","444,899",41.5,"per 1,000","51,277","874,633"
2007,Wyoming,15-19 years,49.9,921,"444,899",41.5,"per 1,000","48,744","86,422"
2008,Alabama,15-19 years,50.5,"8,559","434,758",40.2,"per 1,000","44,476","745,668"
2008,Alaska,15-19 years,44.2,"1,135","434,758",40.2,"per 1,000","63,989","130,662"
2008,Arizona,15-19 years,54.5,"12,051","434,758",40.2,"per 1,000","46,914","1,087,817"
2008,Arkansas,15-19 years,59.8,"5,940","434,758",40.2,"per 1,000","39,586","478,965"
2008,California,15-19 years,37.9,"51,730","434,758",40.2,"per 1,000","57,014","6,322,528"
2008,Colorado,15-19 years,40.5,"6,638","434,758",40.2,"per 1,000","60,943","818,443"
2008,Connecticut,15-19 years,22.6,"2,789","434,758",40.2,"per 1,000","64,682","567,198"
2008,Delaware,15-19 years,38.3,"1,237","434,758",40.2,"per 1,000","50,702","125,430"
2008,District of Columbia,15-19 years,51.1,"1,083","434,758",40.2,"per 1,000","55,590","68,681"
2008,Florida,15-19 years,40,"24,077","434,758",40.2,"per 1,000","44,857","2,631,020"
2008,Georgia,15-19 years,50,"17,273","434,758",40.2,"per 1,000","46,227","1,655,792"
2008,Hawaii,15-19 years,38.9,"1,625","434,758",40.2,"per 1,000","61,521","179,478"
2008,Idaho,15-19 years,39.6,"2,261","434,758",40.2,"per 1,000","47,420","275,051"
2008,Illinois,15-19 years,38.5,"17,410","434,758",40.2,"per 1,000","53,254","2,119,707"
2008,Indiana,15-19 years,41.2,"9,607","434,758",40.2,"per 1,000","46,520","1,046,147"
2008,Iowa,15-19 years,33.4,"3,591","434,758",40.2,"per 1,000","50,142","487,559"
2008,Kansas,15-19 years,44.1,"4,403","434,758",40.2,"per 1,000","47,877","471,060"
2008,Kentucky,15-19 years,52.5,"7,636","434,758",40.2,"per 1,000","41,148","670,030"
2008,Louisiana,15-19 years,54,"8,817","434,758",40.2,"per 1,000","39,563","684,873"
2008,Maine,15-19 years,25,"1,117","434,758",40.2,"per 1,000","47,228","192,935"
2008,Maryland,15-19 years,32.6,"6,560","434,758",40.2,"per 1,000","63,711","843,861"
2008,Massachusetts,15-19 years,19.8,"4,586","434,758",40.2,"per 1,000","60,320","958,910"
2008,Michigan,15-19 years,32.3,"11,985","434,758",40.2,"per 1,000","49,788","1,659,921"
2008,Minnesota,15-19 years,26.5,"4,885","434,758",40.2,"per 1,000","54,925","836,048"
2008,Mississippi,15-19 years,64,"7,193","434,758",40.2,"per 1,000","36,446","491,962"
2008,Missouri,15-19 years,43.5,"9,160","434,758",40.2,"per 1,000","46,038","917,871"
2008,Montana,15-19 years,38.9,"1,312","434,758",40.2,"per 1,000","42,900","141,899"
2008,Nebraska,15-19 years,35.8,"2,286","434,758",40.2,"per 1,000","50,728","292,590"
2008,Nevada,15-19 years,49.1,"4,262","434,758",40.2,"per 1,000","54,744","433,371"
2008,New Hampshire,15-19 years,19.1,902,"434,758",40.2,"per 1,000","66,176","197,934"
2008,New Jersey,15-19 years,24,"7,008","434,758",40.2,"per 1,000","65,306","1,381,420"
2008,New Mexico,15-19 years,61.4,"4,540","434,758",40.2,"per 1,000","42,102","330,245"
2008,New York,15-19 years,25.5,"17,289","434,758",40.2,"per 1,000","50,461","2,740,592"
2008,North Carolina,15-19 years,47.3,"15,136","434,758",40.2,"per 1,000","42,930","1,488,645"
2008,North Dakota,15-19 years,28.3,666,"434,758",40.2,"per 1,000","49,631","94,728"
2008,Ohio,15-19 years,39.5,"16,204","434,758",40.2,"per 1,000","46,934","1,817,163"
2008,Oklahoma,15-19 years,57.8,"7,494","434,758",40.2,"per 1,000","46,111","645,108"
2008,Oregon,15-19 years,35.6,"4,476","434,758",40.2,"per 1,000","51,727","575,393"
2008,Pennsylvania,15-19 years,30.4,"13,724","434,758",40.2,"per 1,000","51,402","1,775,029"
2008,Rhode Island,15-19 years,27.6,"1,124","434,758",40.2,"per 1,000","53,241","145,342"
2008,South Carolina,15-19 years,51.2,"8,329","434,758",40.2,"per 1,000","42,155","718,113"
2008,South Dakota,15-19 years,39.1,"1,117","434,758",40.2,"per 1,000","51,600","126,429"
2008,Tennessee,15-19 years,52.2,"11,157","434,758",40.2,"per 1,000","39,702","971,950"
2008,Texas,15-19 years,60.7,"54,284","434,758",40.2,"per 1,000","46,490","4,752,148"
2008,Utah,15-19 years,34.6,"3,749","434,758",40.2,"per 1,000","62,537","559,778"
2008,Vermont,15-19 years,20.3,472,"434,758",40.2,"per 1,000","50,706","93,625"
2008,Virginia,15-19 years,32.5,"8,801","434,758",40.2,"per 1,000","61,985","1,235,795"
2008,Washington,15-19 years,32.8,"7,386","434,758",40.2,"per 1,000","56,631","1,037,018"
2008,West Virginia,15-19 years,46.9,"2,772","434,758",40.2,"per 1,000","37,994","282,729"
2008,Wisconsin,15-19 years,30.3,"6,041","434,758",40.2,"per 1,000","51,200","873,750"
2008,Wyoming,15-19 years,47.5,879,"434,758",40.2,"per 1,000","53,337","87,161"
2009,Alabama,15-19 years,48.3,"8,205","409,802",37.9,"per 1,000","39,980","748,889"
2009,Alaska,15-19 years,43.2,"1,106","409,802",37.9,"per 1,000","61,604","131,661"
2009,Arizona,15-19 years,48.6,"10,874","409,802",37.9,"per 1,000","45,739","1,077,831"
2009,Arkansas,15-19 years,57.8,"5,753","409,802",37.9,"per 1,000","36,538","480,559"
2009,California,15-19 years,34.9,"47,831","409,802",37.9,"per 1,000","56,134","6,263,438"
2009,Colorado,15-19 years,37.7,"6,203","409,802",37.9,"per 1,000","55,930","832,368"
2009,Connecticut,15-19 years,21.2,"2,605","409,802",37.9,"per 1,000","64,851","563,968"
2009,Delaware,15-19 years,33.5,"1,081","409,802",37.9,"per 1,000","52,114","126,801"
2009,District of Columbia,15-19 years,48.5,"1,034","409,802",37.9,"per 1,000","53,141","69,433"
2009,Florida,15-19 years,36.6,"22,021","409,802",37.9,"per 1,000","45,631","2,634,522"
2009,Georgia,15-19 years,47,"16,345","409,802",37.9,"per 1,000","43,340","1,667,685"
2009,Hawaii,15-19 years,37,"1,547","409,802",37.9,"per 1,000","55,649","180,196"
2009,Idaho,15-19 years,35.9,"2,038","409,802",37.9,"per 1,000","46,778","276,299"
2009,Illinois,15-19 years,35.9,"16,196","409,802",37.9,"per 1,000","52,870","2,104,175"
2009,Indiana,15-19 years,40.8,"9,527","409,802",37.9,"per 1,000","44,305","1,046,661"
2009,Iowa,15-19 years,32.1,"3,421","409,802",37.9,"per 1,000","50,721","491,842"
2009,Kansas,15-19 years,42.7,"4,233","409,802",37.9,"per 1,000","44,717","474,489"
2009,Kentucky,15-19 years,49.7,"7,208","409,802",37.9,"per 1,000","42,664","680,089"
2009,Louisiana,15-19 years,51.7,"8,413","409,802",37.9,"per 1,000","45,433","690,915"
2009,Maine,15-19 years,24,"1,047","409,802",37.9,"per 1,000","47,502","189,225"
2009,Maryland,15-19 years,30.7,"6,140","409,802",37.9,"per 1,000","64,186","848,412"
2009,Massachusetts,15-19 years,19.5,"4,482","409,802",37.9,"per 1,000","59,373","957,053"
2009,Michigan,15-19 years,31.9,"11,709","409,802",37.9,"per 1,000","45,994","1,649,082"
2009,Minnesota,15-19 years,24.1,"4,384","409,802",37.9,"per 1,000","56,090","837,053"
2009,Mississippi,15-19 years,62.2,"6,945","409,802",37.9,"per 1,000","35,078","492,481"
2009,Missouri,15-19 years,40.6,"8,499","409,802",37.9,"per 1,000","48,769","917,982"
2009,Montana,15-19 years,38.4,"1,264","409,802",37.9,"per 1,000","40,437","141,807"
2009,Nebraska,15-19 years,34.8,"2,209","409,802",37.9,"per 1,000","49,595","295,368"
2009,Nevada,15-19 years,44,"3,879","409,802",37.9,"per 1,000","51,434","428,947"
2009,New Hampshire,15-19 years,16.4,765,"409,802",37.9,"per 1,000","64,131","197,140"
2009,New Jersey,15-19 years,22,"6,408","409,802",37.9,"per 1,000","64,777","1,396,029"
2009,New Mexico,15-19 years,60.3,"4,438","409,802",37.9,"per 1,000","43,542","334,419"
2009,New York,15-19 years,24.2,"16,306","409,802",37.9,"per 1,000","50,216","2,766,052"
2009,North Carolina,15-19 years,43.7,"14,093","409,802",37.9,"per 1,000","41,906","1,483,397"
2009,North Dakota,15-19 years,28.7,663,"409,802",37.9,"per 1,000","50,075","95,073"
2009,Ohio,15-19 years,37.9,"15,445","409,802",37.9,"per 1,000","45,879","1,764,297"
2009,Oklahoma,15-19 years,57.4,"7,451","409,802",37.9,"per 1,000","45,878","654,802"
2009,Oregon,15-19 years,32.5,"4,063","409,802",37.9,"per 1,000","49,098","582,839"
2009,Pennsylvania,15-19 years,28.7,"12,850","409,802",37.9,"per 1,000","48,172","1,785,993"
2009,Rhode Island,15-19 years,25.8,"1,051","409,802",37.9,"per 1,000","51,634","145,118"
2009,South Carolina,15-19 years,47,"7,651","409,802",37.9,"per 1,000","41,101","723,143"
2009,South Dakota,15-19 years,38.7,"1,092","409,802",37.9,"per 1,000","45,826","123,713"
2009,Tennessee,15-19 years,48.4,"10,378","409,802",37.9,"per 1,000","40,517","972,549"
2009,Texas,15-19 years,57.9,"52,656","409,802",37.9,"per 1,000","47,475","4,850,210"
2009,Utah,15-19 years,30.7,"3,349","409,802",37.9,"per 1,000","58,491","571,586"
2009,Vermont,15-19 years,17.3,393,"409,802",37.9,"per 1,000","52,318","91,451"
2009,Virginia,15-19 years,30.4,"8,228","409,802",37.9,"per 1,000","60,501","1,245,340"
2009,Washington,15-19 years,30.4,"6,866","409,802",37.9,"per 1,000","60,392","1,035,347"
2009,West Virginia,15-19 years,48.2,"2,845","409,802",37.9,"per 1,000","40,490","282,662"
2009,Wisconsin,15-19 years,29.4,"5,798","409,802",37.9,"per 1,000","51,237","872,436"
2009,Wyoming,15-19 years,43.4,814,"409,802",37.9,"per 1,000","52,470","88,155"
2010,Alabama,15-19 years,43.6,"7,343","367,678",34.2,"per 1,000","40,933","755,552"
2010,Alaska,15-19 years,38.3,956,"367,678",34.2,"per 1,000","57,848","132,104"
2010,Arizona,15-19 years,41.9,"9,389","367,678",34.2,"per 1,000","46,896","1,071,751"
2010,Arkansas,15-19 years,52.5,"5,229","367,678",34.2,"per 1,000","38,587","482,114"
2010,California,15-19 years,31.5,"43,149","367,678",34.2,"per 1,000","54,283","6,289,578"
2010,Colorado,15-19 years,33.4,"5,474","367,678",34.2,"per 1,000","60,233","843,316"
2010,Connecticut,15-19 years,18.7,"2,274","367,678",34.2,"per 1,000","65,998","560,546"
2010,Delaware,15-19 years,30.5,974,"367,678",34.2,"per 1,000","55,214","129,403"
2010,District of Columbia,15-19 years,45.4,951,"367,678",34.2,"per 1,000","56,928","71,284"
2010,Florida,15-19 years,32,"19,127","367,678",34.2,"per 1,000","44,066","2,643,347"
2010,Georgia,15-19 years,41.4,"14,378","367,678",34.2,"per 1,000","44,117","1,677,067"
2010,Hawaii,15-19 years,32.5,"1,347","367,678",34.2,"per 1,000","59,539","179,601"
2010,Idaho,15-19 years,33,"1,863","367,678",34.2,"per 1,000","47,050","275,859"
2010,Illinois,15-19 years,33,"14,798","367,678",34.2,"per 1,000","50,728","2,091,654"
2010,Indiana,15-19 years,37.3,"8,665","367,678",34.2,"per 1,000","46,139","1,047,232"
2010,Iowa,15-19 years,28.6,"3,017","367,678",34.2,"per 1,000","49,016","495,775"
2010,Kansas,15-19 years,39.3,"3,865","367,678",34.2,"per 1,000","46,054","483,701"
2010,Kentucky,15-19 years,46.2,"6,684","367,678",34.2,"per 1,000","41,104","673,128"
2010,Louisiana,15-19 years,47.7,"7,689","367,678",34.2,"per 1,000","39,300","696,558"
2010,Maine,15-19 years,21.4,917,"367,678",34.2,"per 1,000","47,931","189,077"
2010,Maryland,15-19 years,27.3,"5,396","367,678",34.2,"per 1,000","64,201","852,211"
2010,Massachusetts,15-19 years,17.2,"3,909","367,678",34.2,"per 1,000","60,934","955,563"
2010,Michigan,15-19 years,30.1,"10,835","367,678",34.2,"per 1,000","46,276","1,587,067"
2010,Minnesota,15-19 years,22.5,"4,035","367,678",34.2,"per 1,000","52,321","838,037"
2010,Mississippi,15-19 years,55,"6,077","367,678",34.2,"per 1,000","38,160","490,526"
2010,Missouri,15-19 years,37.1,"7,669","367,678",34.2,"per 1,000","45,817","918,710"
2010,Montana,15-19 years,35,"1,128","367,678",34.2,"per 1,000","41,280","141,693"
2010,Nebraska,15-19 years,31.1,"1,958","367,678",34.2,"per 1,000","52,504","298,500"
2010,Nevada,15-19 years,38.6,"3,421","367,678",34.2,"per 1,000","51,200","437,149"
2010,New Hampshire,15-19 years,15.7,722,"367,678",34.2,"per 1,000","66,633","194,711"
2010,New Jersey,15-19 years,20.1,"5,793","367,678",34.2,"per 1,000","62,968","1,402,548"
2010,New Mexico,15-19 years,53,"3,872","367,678",34.2,"per 1,000","45,134","338,122"
2010,New York,15-19 years,22.7,"15,126","367,678",34.2,"per 1,000","49,781","2,734,955"
2010,North Carolina,15-19 years,38.3,"12,309","367,678",34.2,"per 1,000","43,830","1,490,605"
2010,North Dakota,15-19 years,28.8,659,"367,678",34.2,"per 1,000","51,006","96,323"
2010,Ohio,15-19 years,34.1,"13,752","367,678",34.2,"per 1,000","45,886","1,754,191"
2010,Oklahoma,15-19 years,50.4,"6,496","367,678",34.2,"per 1,000","43,103","659,911"
2010,Oregon,15-19 years,28.2,"3,496","367,678",34.2,"per 1,000","50,602","570,720"
2010,Pennsylvania,15-19 years,27,"11,959","367,678",34.2,"per 1,000","48,314","1,793,284"
2010,Rhode Island,15-19 years,22.3,891,"367,678",34.2,"per 1,000","51,623","143,793"
2010,South Carolina,15-19 years,42.6,"6,849","367,678",34.2,"per 1,000","41,698","725,838"
2010,South Dakota,15-19 years,34.9,975,"367,678",34.2,"per 1,000","45,352","126,128"
2010,Tennessee,15-19 years,43.2,"9,254","367,678",34.2,"per 1,000","38,591","987,422"
2010,Texas,15-19 years,52.2,"47,751","367,678",34.2,"per 1,000","47,266","4,935,715"
2010,Utah,15-19 years,27.9,"3,049","367,678",34.2,"per 1,000","56,701","585,552"
2010,Vermont,15-19 years,17.9,401,"367,678",34.2,"per 1,000","55,928","96,858"
2010,Virginia,15-19 years,27.4,"7,374","367,678",34.2,"per 1,000","60,367","1,251,440"
2010,Washington,15-19 years,26.7,"6,002","367,678",34.2,"per 1,000","56,163","1,043,788"
2010,West Virginia,15-19 years,44.8,"2,608","367,678",34.2,"per 1,000","42,777","282,879"
2010,Wisconsin,15-19 years,26.2,"5,100","367,678",34.2,"per 1,000","50,351","872,286"
2010,Wyoming,15-19 years,39,723,"367,678",34.2,"per 1,000","52,201","89,009"
2011,Alabama,15-19 years,40.5,"6,609","329,772",31.3,"per 1,000","42,590","744,621"
2011,Alaska,15-19 years,36.2,880,"329,772",31.3,"per 1,000","57,431","131,167"
2011,Arizona,15-19 years,38.5,"8,402","329,772",31.3,"per 1,000","48,621","1,080,319"
2011,Arkansas,15-19 years,50.7,"4,845","329,772",31.3,"per 1,000","41,302","483,114"
2011,California,15-19 years,28.7,"38,303","329,772",31.3,"per 1,000","53,367","6,287,834"
2011,Colorado,15-19 years,28.9,"4,734","329,772",31.3,"per 1,000","58,629","854,265"
2011,Connecticut,15-19 years,16.4,"2,020","329,772",31.3,"per 1,000","65,415","554,437"
2011,Delaware,15-19 years,29.3,900,"329,772",31.3,"per 1,000","54,660","128,946"
2011,District of Columbia,15-19 years,42.8,879,"329,772",31.3,"per 1,000","55,251","73,911"
2011,Florida,15-19 years,29.5,"17,125","329,772",31.3,"per 1,000","45,105","2,668,156"
2011,Georgia,15-19 years,38.2,"12,991","329,772",31.3,"per 1,000","45,973","1,685,016"
2011,Hawaii,15-19 years,30,"1,199","329,772",31.3,"per 1,000","59,047","182,706"
2011,Idaho,15-19 years,27.7,"1,584","329,772",31.3,"per 1,000","47,459","279,873"
2011,Illinois,15-19 years,29.5,"13,026","329,772",31.3,"per 1,000","50,637","2,083,097"
2011,Indiana,15-19 years,34.8,"7,917","329,772",31.3,"per 1,000","44,445","1,040,765"
2011,Iowa,15-19 years,25.3,"2,665","329,772",31.3,"per 1,000","50,219","495,870"
2011,Kansas,15-19 years,35.4,"3,493","329,772",31.3,"per 1,000","46,147","486,108"
2011,Kentucky,15-19 years,43.5,"6,111","329,772",31.3,"per 1,000","39,856","681,987"
2011,Louisiana,15-19 years,45.1,"6,970","329,772",31.3,"per 1,000","40,658","703,390"
2011,Maine,15-19 years,20.8,867,"329,772",31.3,"per 1,000","49,693","188,969"
2011,Maryland,15-19 years,24.7,"4,797","329,772",31.3,"per 1,000","68,876","854,086"
2011,Massachusetts,15-19 years,15.4,"3,478","329,772",31.3,"per 1,000","63,313","953,369"
2011,Michigan,15-19 years,27.8,"9,658","329,772",31.3,"per 1,000","48,879","1,573,537"
2011,Minnesota,15-19 years,19.3,"3,464","329,772",31.3,"per 1,000","57,820","839,738"
2011,Mississippi,15-19 years,50.2,"5,363","329,772",31.3,"per 1,000","41,090","490,619"
2011,Missouri,15-19 years,34.5,"6,944","329,772",31.3,"per 1,000","45,774","916,584"
2011,Montana,15-19 years,29.2,930,"329,772",31.3,"per 1,000","40,277","142,349"
2011,Nebraska,15-19 years,27.2,"1,731","329,772",31.3,"per 1,000","55,616","301,296"
2011,Nevada,15-19 years,36.1,"3,073","329,772",31.3,"per 1,000","47,043","439,634"
2011,New Hampshire,15-19 years,13.7,629,"329,772",31.3,"per 1,000","65,880","191,900"
2011,New Jersey,15-19 years,18.7,"5,358","329,772",31.3,"per 1,000","62,338","1,356,431"
2011,New Mexico,15-19 years,48.8,"3,452","329,772",31.3,"per 1,000","41,982","337,225"
2011,New York,15-19 years,21.2,"13,718","329,772",31.3,"per 1,000","50,636","2,704,718"
2011,North Carolina,15-19 years,34.9,"11,070","329,772",31.3,"per 1,000","45,206","1,507,864"
2011,North Dakota,15-19 years,28.2,647,"329,772",31.3,"per 1,000","56,361","97,646"
2011,Ohio,15-19 years,31.5,"12,338","329,772",31.3,"per 1,000","44,648","1,740,030"
2011,Oklahoma,15-19 years,47.8,"6,025","329,772",31.3,"per 1,000","48,455","666,120"
2011,Oregon,15-19 years,25.8,"3,134","329,772",31.3,"per 1,000","51,526","568,208"
2011,Pennsylvania,15-19 years,24.9,"10,816","329,772",31.3,"per 1,000","49,910","1,771,395"
2011,Rhode Island,15-19 years,21.3,831,"329,772",31.3,"per 1,000","49,033","142,854"
2011,South Carolina,15-19 years,39.1,"6,026","329,772",31.3,"per 1,000","40,084","727,186"
2011,South Dakota,15-19 years,34.3,964,"329,772",31.3,"per 1,000","47,223","128,016"
2011,Tennessee,15-19 years,40.8,"8,497","329,772",31.3,"per 1,000","42,279","999,693"
2011,Texas,15-19 years,46.9,"42,748","329,772",31.3,"per 1,000","49,047","5,000,470"
2011,Utah,15-19 years,23.1,"2,542","329,772",31.3,"per 1,000","55,493","598,832"
2011,Vermont,15-19 years,16.8,375,"329,772",31.3,"per 1,000","51,862","89,908"
2011,Virginia,15-19 years,24.5,"6,524","329,772",31.3,"per 1,000","62,616","1,257,883"
2011,Washington,15-19 years,25.4,"5,530","329,772",31.3,"per 1,000","56,850","1,045,453"
2011,West Virginia,15-19 years,43.5,"2,461","329,772",31.3,"per 1,000","41,821","282,870"
2011,Wisconsin,15-19 years,23.2,"4,504","329,772",31.3,"per 1,000","52,058","871,105"
2011,Wyoming,15-19 years,35.2,625,"329,772",31.3,"per 1,000","54,509","90,099"
2012,Alabama,15-19 years,39.2,"6,195","305,388",29.4,"per 1,000","43,464","744,637"
2012,Alaska,15-19 years,34.5,817,"305,388",29.4,"per 1,000","63,648","131,489"
2012,Arizona,15-19 years,37.4,"8,119","305,388",29.4,"per 1,000","47,044","1,089,384"
2012,Arkansas,15-19 years,45.7,"4,349","305,388",29.4,"per 1,000","39,018","486,157"
2012,California,15-19 years,26.5,"34,890","305,388",29.4,"per 1,000","57,020","6,299,451"
2012,Colorado,15-19 years,25.4,"4,154","305,388",29.4,"per 1,000","57,255","863,561"
2012,Connecticut,15-19 years,15.1,"1,889","305,388",29.4,"per 1,000","64,247","550,954"
2012,Delaware,15-19 years,25,761,"305,388",29.4,"per 1,000","48,972","129,026"
2012,District of Columbia,15-19 years,38.6,791,"305,388",29.4,"per 1,000","65,246","76,140"
2012,Florida,15-19 years,28,"15,952","305,388",29.4,"per 1,000","46,071","2,692,162"
2012,Georgia,15-19 years,33.8,"11,488","305,388",29.4,"per 1,000","48,121","1,703,332"
2012,Hawaii,15-19 years,28.1,"1,108","305,388",29.4,"per 1,000","56,263","184,760"
2012,Idaho,15-19 years,28.3,"1,568","305,388",29.4,"per 1,000","47,922","284,834"
2012,Illinois,15-19 years,27.9,"12,098","305,388",29.4,"per 1,000","51,738","2,072,880"
2012,Indiana,15-19 years,33,"7,370","305,388",29.4,"per 1,000","46,158","1,041,369"
2012,Iowa,15-19 years,24.1,"2,498","305,388",29.4,"per 1,000","53,442","499,825"
2012,Kansas,15-19 years,34.1,"3,306","305,388",29.4,"per 1,000","50,003","489,043"
2012,Kentucky,15-19 years,41.5,"5,689","305,388",29.4,"per 1,000","41,086","685,167"
2012,Louisiana,15-19 years,43.1,"6,458","305,388",29.4,"per 1,000","39,085","710,903"
2012,Maine,15-19 years,19.4,798,"305,388",29.4,"per 1,000","49,158","185,739"
2012,Maryland,15-19 years,22.1,"4,286","305,388",29.4,"per 1,000","71,836","859,638"
2012,Massachusetts,15-19 years,14.1,"3,220","305,388",29.4,"per 1,000","63,656","954,773"
2012,Michigan,15-19 years,26.3,"8,913","305,388",29.4,"per 1,000","50,015","1,555,370"
2012,Minnesota,15-19 years,18.5,"3,295","305,388",29.4,"per 1,000","61,795","845,404"
2012,Mississippi,15-19 years,46.1,"4,781","305,388",29.4,"per 1,000","36,641","493,650"
2012,Missouri,15-19 years,32.2,"6,317","305,388",29.4,"per 1,000","49,764","917,900"
2012,Montana,15-19 years,28.8,892,"305,388",29.4,"per 1,000","45,088","142,908"
2012,Nebraska,15-19 years,26.8,"1,671","305,388",29.4,"per 1,000","52,196","303,505"
2012,Nevada,15-19 years,33.4,"2,863","305,388",29.4,"per 1,000","47,333","445,707"
2012,New Hampshire,15-19 years,13.8,629,"305,388",29.4,"per 1,000","67,819","188,974"
2012,New Jersey,15-19 years,16.7,"4,772","305,388",29.4,"per 1,000","66,692","1,372,203"
2012,New Mexico,15-19 years,47.5,"3,275","305,388",29.4,"per 1,000","43,424","338,220"
2012,New York,15-19 years,19.7,"12,592","305,388",29.4,"per 1,000","47,680","2,710,703"
2012,North Carolina,15-19 years,31.8,"10,077","305,388",29.4,"per 1,000","41,553","1,518,465"
2012,North Dakota,15-19 years,26.5,603,"305,388",29.4,"per 1,000","55,766","101,111"
2012,Ohio,15-19 years,29.8,"11,437","305,388",29.4,"per 1,000","44,375","1,729,916"
2012,Oklahoma,15-19 years,47.3,"5,844","305,388",29.4,"per 1,000","48,407","673,483"
2012,Oregon,15-19 years,23.8,"2,851","305,388",29.4,"per 1,000","51,775","587,564"
2012,Pennsylvania,15-19 years,23.7,"10,049","305,388",29.4,"per 1,000","51,904","1,763,677"
2012,Rhode Island,15-19 years,19.9,760,"305,388",29.4,"per 1,000","56,065","142,481"
2012,South Carolina,15-19 years,36.6,"5,537","305,388",29.4,"per 1,000","44,401","735,998"
2012,South Dakota,15-19 years,33.3,929,"305,388",29.4,"per 1,000","49,415","130,471"
2012,Tennessee,15-19 years,38.5,"7,910","305,388",29.4,"per 1,000","42,995","993,496"
2012,Texas,15-19 years,44.4,"40,451","305,388",29.4,"per 1,000","51,926","5,077,659"
2012,Utah,15-19 years,23.3,"2,494","305,388",29.4,"per 1,000","58,341","613,279"
2012,Vermont,15-19 years,16.3,361,"305,388",29.4,"per 1,000","55,582","89,624"
2012,Virginia,15-19 years,22.9,"6,076","305,388",29.4,"per 1,000","64,632","1,265,419"
2012,Washington,15-19 years,23.4,"5,017","305,388",29.4,"per 1,000","62,187","1,051,694"
2012,West Virginia,15-19 years,44.1,"2,407","305,388",29.4,"per 1,000","43,553","283,044"
2012,Wisconsin,15-19 years,21.9,"4,159","305,388",29.4,"per 1,000","53,079","872,436"
2012,Wyoming,15-19 years,34.7,622,"305,388",29.4,"per 1,000","57,512","91,533"
2013,Alabama,15-19 years,34.3,"5,392","274,641",26.6,"per 1,000","41,381","746,204"
2013,Alaska,15-19 years,30.3,708,"274,641",26.6,"per 1,000","61,137","130,944"
2013,Arizona,15-19 years,33.1,"7,232","274,641",26.6,"per 1,000","50,602","1,102,445"
2013,Arkansas,15-19 years,43.5,"4,155","274,641",26.6,"per 1,000","39,919","489,979"
2013,California,15-19 years,23.6,"30,505","274,641",26.6,"per 1,000","57,528","6,312,623"
2013,Colorado,15-19 years,23.4,"3,834","274,641",26.6,"per 1,000","63,371","876,999"
2013,Connecticut,15-19 years,12.9,"1,606","274,641",26.6,"per 1,000","67,781","546,200"
2013,Delaware,15-19 years,24.7,728,"274,641",26.6,"per 1,000","52,219","131,687"
2013,District of Columbia,15-19 years,32.1,637,"274,641",26.6,"per 1,000","60,675","78,153"
2013,Florida,15-19 years,24.6,"13,962","274,641",26.6,"per 1,000","47,886","2,720,744"
2013,Georgia,15-19 years,30.5,"10,322","274,641",26.6,"per 1,000","47,439","1,723,909"
2013,Hawaii,15-19 years,25.1,976,"274,641",26.6,"per 1,000","61,408","186,825"
2013,Idaho,15-19 years,25.7,"1,425","274,641",26.6,"per 1,000","51,767","296,476"
2013,Illinois,15-19 years,24.6,"10,525","274,641",26.6,"per 1,000","57,196","2,066,990"
2013,Indiana,15-19 years,30.3,"6,742","274,641",26.6,"per 1,000","50,553","1,047,385"
2013,Iowa,15-19 years,22.1,"2,289","274,641",26.6,"per 1,000","54,855","502,964"
2013,Kansas,15-19 years,29.6,"2,869","274,641",26.6,"per 1,000","51,485","496,440"
2013,Kentucky,15-19 years,39.5,"5,410","274,641",26.6,"per 1,000","42,158","677,389"
2013,Louisiana,15-19 years,39.2,"5,811","274,641",26.6,"per 1,000","39,622","711,491"
2013,Maine,15-19 years,17.4,697,"274,641",26.6,"per 1,000","50,121","183,995"
2013,Maryland,15-19 years,19.4,"3,690","274,641",26.6,"per 1,000","65,262","866,169"
2013,Massachusetts,15-19 years,12.1,"2,734","274,641",26.6,"per 1,000","62,963","955,739"
2013,Michigan,15-19 years,23.6,"7,872","274,641",26.6,"per 1,000","48,801","1,548,841"
2013,Minnesota,15-19 years,16.8,"2,950","274,641",26.6,"per 1,000","60,907","850,973"
2013,Mississippi,15-19 years,42.6,"4,347","274,641",26.6,"per 1,000","40,850","492,586"
2013,Missouri,15-19 years,30,"5,814","274,641",26.6,"per 1,000","50,311","918,288"
2013,Montana,15-19 years,27.9,855,"274,641",26.6,"per 1,000","44,132","144,129"
2013,Nebraska,15-19 years,24.9,"1,552","274,641",26.6,"per 1,000","53,774","307,677"
2013,Nevada,15-19 years,30.3,"2,604","274,641",26.6,"per 1,000","45,369","451,831"
2013,New Hampshire,15-19 years,12.6,560,"274,641",26.6,"per 1,000","71,322","186,310"
2013,New Jersey,15-19 years,14.8,"4,188","274,641",26.6,"per 1,000","61,782","1,370,295"
2013,New Mexico,15-19 years,43.3,"2,959","274,641",26.6,"per 1,000","42,127","339,244"
2013,New York,15-19 years,17.7,"11,128","274,641",26.6,"per 1,000","53,843","2,732,770"
2013,North Carolina,15-19 years,28.4,"9,020","274,641",26.6,"per 1,000","41,208","1,530,857"
2013,North Dakota,15-19 years,24.1,563,"274,641",26.6,"per 1,000","52,888","103,947"
2013,Ohio,15-19 years,27.2,"10,352","274,641",26.6,"per 1,000","46,398","1,724,111"
2013,Oklahoma,15-19 years,42.9,"5,310","274,641",26.6,"per 1,000","43,777","681,848"
2013,Oregon,15-19 years,21.6,"2,594","274,641",26.6,"per 1,000","56,307","593,000"
2013,Pennsylvania,15-19 years,20.9,"8,657","274,641",26.6,"per 1,000","53,952","1,755,236"
2013,Rhode Island,15-19 years,17.7,659,"274,641",26.6,"per 1,000","57,812","142,008"
2013,South Carolina,15-19 years,31.6,"4,763","274,641",26.6,"per 1,000","43,749","745,657"
2013,South Dakota,15-19 years,29.1,812,"274,641",26.6,"per 1,000","54,453","130,890"
2013,Tennessee,15-19 years,34.7,"7,105","274,641",26.6,"per 1,000","42,499","993,556"
2013,Texas,15-19 years,41,"37,525","274,641",26.6,"per 1,000","53,027","5,153,702"
2013,Utah,15-19 years,20.6,"2,254","274,641",26.6,"per 1,000","62,967","625,461"
2013,Vermont,15-19 years,14.5,317,"274,641",26.6,"per 1,000","54,842","88,690"
2013,Virginia,15-19 years,20.1,"5,300","274,641",26.6,"per 1,000","67,620","1,273,825"
2013,Washington,15-19 years,20.5,"4,386","274,641",26.6,"per 1,000","60,106","1,058,936"
2013,West Virginia,15-19 years,40.1,"2,178","274,641",26.6,"per 1,000","40,241","280,958"
2013,Wisconsin,15-19 years,19.6,"3,692","274,641",26.6,"per 1,000","55,258","874,414"
2013,Wyoming,15-19 years,29.6,540,"274,641",26.6,"per 1,000","55,700","92,732"
2014,Alabama,15-19 years,32,"5,009","249,078",24.2,"per 1,000","42,278","744,164"
2014,Alaska,15-19 years,27.8,645,"249,078",24.2,"per 1,000","67,629","131,176"
2014,Arizona,15-19 years,29.9,"6,622","249,078",24.2,"per 1,000","49,254","1,111,695"
2014,Arkansas,15-19 years,39.5,"3,782","249,078",24.2,"per 1,000","44,922","490,917"
2014,California,15-19 years,21.1,"27,025","249,078",24.2,"per 1,000","60,487","6,312,161"
2014,Colorado,15-19 years,20.3,"3,377","249,078",24.2,"per 1,000","60,940","889,006"
2014,Connecticut,15-19 years,11.5,"1,420","249,078",24.2,"per 1,000","70,161","542,678"
2014,Delaware,15-19 years,20.7,616,"249,078",24.2,"per 1,000","57,522","134,042"
2014,District of Columbia,15-19 years,28.4,565,"249,078",24.2,"per 1,000","68,277","80,958"
2014,Florida,15-19 years,22.5,"12,816","249,078",24.2,"per 1,000","46,140","2,756,944"
2014,Georgia,15-19 years,28.4,"9,661","249,078",24.2,"per 1,000","49,555","1,744,437"
2014,Hawaii,15-19 years,23.1,893,"249,078",24.2,"per 1,000","71,223","182,384"
2014,Idaho,15-19 years,23.2,"1,303","249,078",24.2,"per 1,000","53,438","290,885"
2014,Illinois,15-19 years,22.8,"9,591","249,078",24.2,"per 1,000","54,916","2,050,239"
2014,Indiana,15-19 years,28,"6,223","249,078",24.2,"per 1,000","48,060","1,046,269"
2014,Iowa,15-19 years,19.8,"2,048","249,078",24.2,"per 1,000","57,810","505,311"
2014,Kansas,15-19 years,27.6,"2,674","249,078",24.2,"per 1,000","53,444","497,275"
2014,Kentucky,15-19 years,35.3,"4,877","249,078",24.2,"per 1,000","42,786","688,640"
2014,Louisiana,15-19 years,35.8,"5,270","249,078",24.2,"per 1,000","42,406","716,800"
2014,Maine,15-19 years,16.5,655,"249,078",24.2,"per 1,000","51,710","182,470"
2014,Maryland,15-19 years,17.8,"3,379","249,078",24.2,"per 1,000","76,165","874,514"
2014,Massachusetts,15-19 years,10.6,"2,404","249,078",24.2,"per 1,000","63,151","955,844"
2014,Michigan,15-19 years,21.1,"6,967","249,078",24.2,"per 1,000","52,005","1,537,922"
2014,Minnesota,15-19 years,15.5,"2,709","249,078",24.2,"per 1,000","67,244","857,235"
2014,Mississippi,15-19 years,38,"3,853","249,078",24.2,"per 1,000","35,521","490,917"
2014,Missouri,15-19 years,27.2,"5,232","249,078",24.2,"per 1,000","56,630","917,785"
2014,Montana,15-19 years,26.4,807,"249,078",24.2,"per 1,000","51,102","144,532"
2014,Nebraska,15-19 years,22.2,"1,390","249,078",24.2,"per 1,000","56,870","312,635"
2014,Nevada,15-19 years,28.5,"2,448","249,078",24.2,"per 1,000","49,875","459,189"
2014,New Hampshire,15-19 years,11,484,"249,078",24.2,"per 1,000","73,397","184,670"
2014,New Jersey,15-19 years,13.1,"3,678","249,078",24.2,"per 1,000","65,243","1,400,579"
2014,New Mexico,15-19 years,37.8,"2,543","249,078",24.2,"per 1,000","46,686","340,365"
2014,New York,15-19 years,16.1,"9,954","249,078",24.2,"per 1,000","54,310","2,741,185"
2014,North Carolina,15-19 years,25.9,"8,280","249,078",24.2,"per 1,000","46,784","1,548,895"
2014,North Dakota,15-19 years,23.9,564,"249,078",24.2,"per 1,000","60,730","106,586"
2014,Ohio,15-19 years,25.1,"9,473","249,078",24.2,"per 1,000","49,644","1,724,810"
2014,Oklahoma,15-19 years,38.5,"4,802","249,078",24.2,"per 1,000","47,199","688,511"
2014,Oregon,15-19 years,20,"2,390","249,078",24.2,"per 1,000","58,875","601,318"
2014,Pennsylvania,15-19 years,19.3,"7,892","249,078",24.2,"per 1,000","55,173","1,743,160"
2014,Rhode Island,15-19 years,15.8,590,"249,078",24.2,"per 1,000","58,633","141,959"
2014,South Carolina,15-19 years,28.5,"4,297","249,078",24.2,"per 1,000","44,929","756,523"
2014,South Dakota,15-19 years,26.2,735,"249,078",24.2,"per 1,000","53,053","133,040"
2014,Tennessee,15-19 years,33,"6,756","249,078",24.2,"per 1,000","43,716","995,475"
2014,Texas,15-19 years,37.8,"35,063","249,078",24.2,"per 1,000","53,875","5,233,765"
2014,Utah,15-19 years,19.4,"2,163","249,078",24.2,"per 1,000","63,383","635,577"
2014,Vermont,15-19 years,14.2,307,"249,078",24.2,"per 1,000","60,708","87,311"
2014,Virginia,15-19 years,18.4,"4,859","249,078",24.2,"per 1,000","66,155","1,280,381"
2014,Washington,15-19 years,19.1,"4,092","249,078",24.2,"per 1,000","59,068","1,073,638"
2014,West Virginia,15-19 years,36.6,"1,972","249,078",24.2,"per 1,000","39,552","280,310"
2014,Wisconsin,15-19 years,18,"3,378","249,078",24.2,"per 1,000","58,080","871,432"
2014,Wyoming,15-19 years,30.1,545,"249,078",24.2,"per 1,000","55,690","94,067"
2015,Alabama,15-19 years,30.1,"4,739","229,715",22.3,"per 1,000","44,509","743,789"
2015,Alaska,15-19 years,29.3,662,"229,715",22.3,"per 1,000","75,112","132,477"
2015,Arizona,15-19 years,26.3,"5,910","229,715",22.3,"per 1,000","52,248","1,109,040"
2015,Arkansas,15-19 years,38,"3,677","229,715",22.3,"per 1,000","42,798","492,132"
2015,California,15-19 years,19,"24,175","229,715",22.3,"per 1,000","63,636","6,305,347"
2015,Colorado,15-19 years,19.3,"3,270","229,715",22.3,"per 1,000","66,596","899,112"
2015,Connecticut,15-19 years,10.1,"1,241","229,715",22.3,"per 1,000","72,889","537,933"
2015,Delaware,15-19 years,18.1,540,"229,715",22.3,"per 1,000","57,756","134,847"
2015,District of Columbia,15-19 years,25.6,501,"229,715",22.3,"per 1,000","70,071","84,024"
2015,Florida,15-19 years,20.8,"11,957","229,715",22.3,"per 1,000","48,825","2,792,234"
2015,Georgia,15-19 years,25.6,"8,829","229,715",22.3,"per 1,000","50,768","1,757,237"
2015,Hawaii,15-19 years,20.6,789,"229,715",22.3,"per 1,000","64,514","181,995"
2015,Idaho,15-19 years,22.5,"1,288","229,715",22.3,"per 1,000","51,624","292,277"
2015,Illinois,15-19 years,21.1,"8,764","229,715",22.3,"per 1,000","60,413","2,041,779"
2015,Indiana,15-19 years,26,"5,813","229,715",22.3,"per 1,000","51,983","1,046,757"
2015,Iowa,15-19 years,18.6,"1,943","229,715",22.3,"per 1,000","60,855","508,014"
2015,Kansas,15-19 years,25.5,"2,479","229,715",22.3,"per 1,000","54,865","495,884"
2015,Kentucky,15-19 years,32.4,"4,503","229,715",22.3,"per 1,000","42,387","686,598"
2015,Louisiana,15-19 years,34.1,"5,055","229,715",22.3,"per 1,000","45,922","718,711"
2015,Maine,15-19 years,15.4,603,"229,715",22.3,"per 1,000","50,756","181,613"
2015,Maryland,15-19 years,17,"3,214","229,715",22.3,"per 1,000","73,594","879,601"
2015,Massachusetts,15-19 years,9.4,"2,140","229,715",22.3,"per 1,000","67,861","964,026"
2015,Michigan,15-19 years,19.4,"6,356","229,715",22.3,"per 1,000","54,203","1,536,231"
2015,Minnesota,15-19 years,13.7,"2,386","229,715",22.3,"per 1,000","68,730","864,384"
2015,Mississippi,15-19 years,34.8,"3,536","229,715",22.3,"per 1,000","40,037","487,200"
2015,Missouri,15-19 years,25,"4,838","229,715",22.3,"per 1,000","59,196","919,234"
2015,Montana,15-19 years,25.3,770,"229,715",22.3,"per 1,000","51,395","145,319"
2015,Nebraska,15-19 years,22,"1,388","229,715",22.3,"per 1,000","60,474","316,014"
2015,Nevada,15-19 years,27.6,"2,369","229,715",22.3,"per 1,000","52,008","467,527"
2015,New Hampshire,15-19 years,10.9,468,"229,715",22.3,"per 1,000","75,675","182,425"
2015,New Jersey,15-19 years,12.1,"3,374","229,715",22.3,"per 1,000","68,357","1,408,845"
2015,New Mexico,15-19 years,34.6,"2,320","229,715",22.3,"per 1,000","45,119","335,694"
2015,New York,15-19 years,14.6,"8,961","229,715",22.3,"per 1,000","58,005","2,711,626"
2015,North Carolina,15-19 years,23.6,"7,641","229,715",22.3,"per 1,000","50,797","1,544,934"
2015,North Dakota,15-19 years,22.2,527,"229,715",22.3,"per 1,000","57,415","108,644"
2015,Ohio,15-19 years,23.2,"8,755","229,715",22.3,"per 1,000","53,301","1,716,585"
2015,Oklahoma,15-19 years,34.8,"4,391","229,715",22.3,"per 1,000","47,077","692,878"
2015,Oregon,15-19 years,19,"2,284","229,715",22.3,"per 1,000","60,834","608,825"
2015,Pennsylvania,15-19 years,17.7,"7,218","229,715",22.3,"per 1,000","60,389","1,717,414"
2015,Rhode Island,15-19 years,14.3,530,"229,715",22.3,"per 1,000","55,701","142,014"
2015,South Carolina,15-19 years,26.2,"4,021","229,715",22.3,"per 1,000","46,360","763,533"
2015,South Dakota,15-19 years,26.4,720,"229,715",22.3,"per 1,000","55,065","134,253"
2015,Tennessee,15-19 years,30.5,"6,267","229,715",22.3,"per 1,000","47,330","1,001,235"
2015,Texas,15-19 years,34.6,"32,687","229,715",22.3,"per 1,000","56,473","5,301,477"
2015,Utah,15-19 years,17.6,"2,021","229,715",22.3,"per 1,000","66,258","647,870"
2015,Vermont,15-19 years,11.6,245,"229,715",22.3,"per 1,000","59,494","87,866"
2015,Virginia,15-19 years,17.1,"4,508","229,715",22.3,"per 1,000","61,486","1,283,590"
2015,Washington,15-19 years,17.6,"3,773","229,715",22.3,"per 1,000","67,243","1,087,030"
2015,West Virginia,15-19 years,31.9,"1,719","229,715",22.3,"per 1,000","42,824","277,452"
2015,Wisconsin,15-19 years,16.2,"3,040","229,715",22.3,"per 1,000","55,425","867,800"
2015,Wyoming,15-19 years,29.2,510,"229,715",22.3,"per 1,000","60,925","94,717"